{"success":true,"terms":"https:\/\/currencylayer.com\/terms","privacy":"https:\/\/currencylayer.com\/privacy","timestamp":1749918964,"source":"USD","quotes":{"USDAED":3.672504,"USDAFN":69.456103,"USDALL":84.764831,"USDAMD":381.290295,"USDANG":1.789623,"USDAOA":916.000367,"USDARS":1179.376574,"USDAUD":1.538935,"USDAWG":1.8025,"USDAZN":1.70397,"USDBAM":1.692527,"USDBBD":2.010212,"USDBDT":121.665008,"USDBGN":1.696633,"USDBHD":0.375579,"USDBIF":2964.389252,"USDBMD":1,"USDBND":1.278698,"USDBOB":6.879841,"USDBRL":5.543904,"USDBSD":0.99563,"USDBTC":9.478538e-6,"USDBTN":85.673489,"USDBWP":13.382372,"USDBYN":3.258189,"USDBYR":19600,"USDBZD":1.999913,"USDCAD":1.35865,"USDCDF":2877.000362,"USDCHF":0.812438,"USDCLF":0.024131,"USDCLP":926.026567,"USDCNY":7.181604,"USDCNH":7.18941,"USDCOP":4135.519882,"USDCRC":501.838951,"USDCUC":1,"USDCUP":26.5,"USDCVE":95.422093,"USDCZK":21.500904,"USDDJF":177.292199,"USDDKK":6.45704,"USDDOP":58.803167,"USDDZD":130.034183,"USDEGP":49.707931,"USDERN":15,"USDETB":134.317771,"USDEUR":0.865404,"USDFJD":2.24825,"USDFKP":0.735668,"USDGBP":0.737708,"USDGEL":2.740391,"USDGGP":0.735668,"USDGHS":10.254857,"USDGIP":0.735668,"USDGMD":70.503851,"USDGNF":8627.060707,"USDGTQ":7.650902,"USDGYD":208.299078,"USDHKD":7.84975,"USDHNL":25.985029,"USDHRK":6.522704,"USDHTG":130.569859,"USDHUF":348.50504,"USDIDR":16299.3,"USDILS":3.600215,"USDIMP":0.735668,"USDINR":86.184504,"USDIQD":1304.227424,"USDIRR":42100.000352,"USDISK":124.650386,"USDJEP":0.735668,"USDJMD":159.404613,"USDJOD":0.70904,"USDJPY":144.09604,"USDKES":128.631388,"USDKGS":87.450384,"USDKHR":3992.038423,"USDKMF":426.503794,"USDKPW":899.975436,"USDKRW":1367.140383,"USDKWD":0.30622,"USDKYD":0.829648,"USDKZT":510.665917,"USDLAK":21481.545584,"USDLBP":89206.525031,"USDLKR":298.109126,"USDLRD":199.125957,"USDLSL":17.917528,"USDLTL":2.95274,"USDLVL":0.60489,"USDLYD":5.439834,"USDMAD":9.103111,"USDMDL":17.04989,"USDMGA":4495.694691,"USDMKD":53.251698,"USDMMK":2099.233726,"USDMNT":3577.580133,"USDMOP":8.049154,"USDMRU":39.525767,"USDMUR":45.510378,"USDMVR":15.405039,"USDMWK":1726.364069,"USDMXN":18.961804,"USDMYR":4.245504,"USDMZN":63.950377,"USDNAD":17.917528,"USDNGN":1542.440377,"USDNIO":36.640561,"USDNOK":9.92463,"USDNPR":137.077582,"USDNZD":1.656589,"USDOMR":0.384259,"USDPAB":0.99563,"USDPEN":3.593613,"USDPGK":4.159058,"USDPHP":56.090375,"USDPKR":282.254944,"USDPLN":3.698316,"USDPYG":7944.268963,"USDQAR":3.631864,"USDRON":4.350504,"USDRSD":101.423565,"USDRUB":79.779066,"USDRWF":1437.670373,"USDSAR":3.753593,"USDSBD":8.347391,"USDSCR":14.210372,"USDSDG":600.503676,"USDSEK":9.476704,"USDSGD":1.281904,"USDSHP":0.785843,"USDSLE":22.050371,"USDSLL":20969.503022,"USDSOS":568.99312,"USDSRD":37.528038,"USDSTD":20697.981008,"USDSVC":8.711869,"USDSYP":13001.614776,"USDSZL":17.905759,"USDTHB":32.405038,"USDTJS":10.055644,"USDTMT":3.5,"USDTND":2.945956,"USDTOP":2.342104,"USDTRY":39.370368,"USDTTD":6.751763,"USDTWD":29.520367,"USDTZS":2573.66622,"USDUAH":41.29791,"USDUGX":3587.901865,"USDUYU":40.932889,"USDUZS":12650.253126,"USDVES":102.167038,"USDVND":26075,"USDVUV":119.515132,"USDWST":2.622556,"USDXAF":567.657825,"USDXAG":0.027532,"USDXAU":0.000291,"USDXCD":2.70255,"USDXDR":0.705984,"USDXOF":567.657825,"USDXPF":103.206265,"USDYER":243.350363,"USDZAR":17.94696,"USDZMK":9001.203587,"USDZMW":24.069058,"USDZWL":321.999592}}